{
    "rmse": 2.34061960122679,
    "r2_score": 0.9252936384630545
}